Timestamp,Temperature,ECG,GSR,Emotion
2025-03-30 13:16:35.347204,88.91125,0.6971625,1.3346,Happy
2025-03-30 13:17:36.378501,141.41,0.97485,0.6768500000000001,Happy
2025-03-30 13:18:37.419309,95.75750000000001,1.0768250000000001,1.0362624999999999,Happy
2025-03-30 13:19:38.441201,123.28875000000001,0.7506,0.8818000000000001,Happy
2025-03-30 13:20:39.479548,137.80375,0.916175,0.7186375,Happy
2025-03-30 13:21:40.510007,88.6625,0.9175625000000001,1.2202875,Happy
2025-03-30 13:22:41.546629,101.27250000000001,1.1735,0.9050625,Happy
2025-03-30 13:23:42.582167,98.91624999999999,0.928475,1.1478375,Happy
2025-03-30 13:24:43.604937,113.66125,1.0362000000000002,0.958175,Happy
2025-03-30 13:25:44.638744,95.18,1.0870624999999998,0.9860875,Happy
2025-03-30 13:26:45.675619,101.77374999999999,1.06065,0.9472625000000001,Happy
2025-03-30 13:27:46.711766,99.675,0.9491249999999999,1.022,Happy
2025-03-30 13:28:47.746970,101.24125000000001,0.9982500000000002,0.9641875000000001,Happy
2025-03-30 13:29:48.790648,106.845,0.6737625,1.12775,Happy
2025-03-30 13:30:49.827515,131.84750000000003,0.6962499999999999,0.839775,Happy
2025-03-30 13:31:50.850728,94.74375,1.0624375000000001,0.971325,Happy
2025-03-30 13:32:51.886478,101.3725,1.3430875,0.7668000000000001,Happy
2025-03-30 13:33:52.921759,129.53000000000003,0.9491625000000002,0.6949624999999999,Happy
2025-03-30 13:34:53.959580,145.90375,0.9398625,0.7214500000000001,Happy
2025-03-30 13:35:54.998398,57.28375,0.8391875000000001,1.5917875000000001,Happy
2025-03-30 13:36:56.029103,100.88374999999999,0.6988249999999999,1.1584249999999998,Happy
2025-03-30 13:37:57.060238,61.839999999999996,0.9785874999999999,1.4052875,Happy
2025-03-30 13:38:58.099762,84.94874999999999,1.0718999999999999,0.809825,Happy
2025-03-30 13:39:59.134185,79.62,0.7056749999999999,0.660525,Happy
2025-03-30 13:41:00.167267,83.08250000000001,0.84475,0.9575750000000001,Happy
2025-03-30 13:42:01.205626,93.6575,1.252675,0.8676375000000001,Happy
2025-03-30 13:43:02.244280,109.71750000000002,0.7023125,1.0468375,Happy
2025-03-30 13:44:03.271605,138.03125,1.1161500000000002,0.46682500000000005,Happy
2025-03-30 13:45:04.296810,127.88375,1.0166625000000002,0.7548625,Happy
2025-03-30 13:46:05.324993,146.07750000000001,1.1401000000000001,0.5352125,Happy
2025-03-30 13:47:06.359719,85.67625,0.9321624999999999,1.3533,Happy
2025-03-30 13:48:07.391839,104.14000000000001,0.8783125,1.2487249999999999,Happy
2025-03-30 13:49:08.430875,108.425,0.7051,1.141425,Happy
2025-03-30 13:50:09.454509,137.1225,0.9631875000000001,0.8065750000000002,Happy
2025-03-30 13:51:10.493859,137.70125000000002,1.0635000000000001,0.6873125,Happy
2025-03-30 13:52:11.523396,67.5775,1.187325,1.191175,Happy
2025-03-30 13:53:12.560238,86.5575,1.260525,1.0449875,Happy
2025-03-30 13:54:13.593770,86.8475,0.7002125000000001,1.2756625000000001,Happy
2025-03-30 13:55:14.629723,119.10374999999999,1.015075,0.8061250000000001,Happy
2025-03-30 13:56:15.665874,119.31625,1.3855499999999998,0.466775,Happy
2025-03-30 13:57:16.702375,97.99500000000002,1.5204499999999999,0.6817249999999999,Happy
2025-03-30 13:58:17.743758,124.42375,1.0095375,0.6071375000000001,Happy
2025-03-30 13:59:18.771221,116.33500000000001,1.0614625,0.7398875,Happy
2025-03-30 14:00:19.800683,88.55875,1.09625,0.9141375000000002,Happy
2025-03-30 14:01:20.837467,105.36499999999998,1.3366500000000001,0.530025,Happy
2025-03-30 14:02:21.873682,58.2475,0.9039625000000001,1.1032125000000002,Happy
2025-03-30 14:03:22.906003,80.535,1.3761750000000001,0.66705,Happy
2025-03-30 14:04:23.944020,68.40125,1.449025,0.7874749999999999,Happy
2025-03-30 14:05:24.982791,67.2925,0.6092875000000001,1.164425,Happy
2025-03-30 14:06:26.017648,104.02874999999999,0.60925,1.02405,Happy
2025-03-30 14:07:27.055543,60.35,1.3467500000000001,0.9621999999999999,Happy
2025-03-30 14:08:28.085937,47.16875,1.01585,1.1447500000000002,Happy
2025-03-30 14:09:29.116928,86.09375,1.2462,0.6115,Happy
2025-03-30 14:10:30.161090,91.70125,0.9714625,0.7284999999999999,Happy
2025-03-30 14:11:31.194976,72.495,0.765525,1.0028,Happy
2025-03-30 14:12:32.228888,61.107499999999995,0.8440375000000001,1.05155,Happy
2025-03-30 14:13:33.264077,70.13625,1.1257249999999999,0.7356,Happy
2025-03-30 14:14:34.293575,65.58,0.9257874999999999,0.9901250000000001,Happy
2025-03-30 14:15:35.331114,66.20375,1.2711000000000001,0.7401125000000001,Happy
2025-03-30 14:16:36.367033,63.786249999999995,1.040775,0.8613500000000001,Happy
2025-03-30 14:17:37.406196,49.71125,0.9595125,1.1094875,Happy
2025-03-30 14:18:38.440534,61.82750000000001,1.203225,0.937875,Happy
2025-03-30 14:19:39.477946,47.22375,1.4042875000000001,0.9902875000000002,Happy
2025-03-30 14:20:40.503447,66.39625,0.8132000000000001,1.0027374999999998,Happy
2025-03-30 14:21:41.537139,51.748749999999994,1.435225,0.9205875000000001,Happy
2025-03-30 14:22:42.572704,47.71625,1.015775,1.1443875,Happy
2025-03-30 14:23:43.603865,99.05,0.573275,0.761225,Happy
2025-03-30 14:24:44.635756,87.03125000000001,1.180875,0.5779000000000001,Happy
2025-03-30 14:25:45.671032,40.72375,1.1651624999999999,1.187675,Happy
2025-03-30 14:26:46.712514,119.77250000000001,1.04635,0.5256125,Happy
2025-03-30 14:27:47.750513,56.00374999999999,1.2127625000000002,1.3654625,Happy
2025-03-30 14:28:48.791276,113.44875000000002,1.037775,0.9168750000000001,Happy
2025-03-30 14:29:49.822500,96.40375,1.1268125000000002,0.9843875000000001,Happy
2025-03-30 14:30:50.861189,52.51500000000001,1.1566500000000004,1.538125,Happy
2025-03-30 14:31:51.891853,117.21,1.0751000000000002,0.8667875,Happy
2025-03-30 14:32:52.923179,124.02500000000002,1.24065,0.6657749999999999,Happy
2025-03-30 14:33:53.962424,142.5,1.1065124999999998,0.5121125,Happy
2025-03-30 14:34:54.996860,71.66875000000002,1.2717749999999999,1.1863000000000001,Happy
2025-03-30 14:35:56.026736,86.85500000000002,1.2298125,1.01315,Happy
2025-03-30 14:36:57.065203,121.56375,0.971425,0.792975,Happy
2025-03-30 14:37:58.103512,100.41125000000001,0.9887750000000001,1.0450375,Happy
2025-03-30 14:38:59.129800,110.4775,0.9390000000000001,1.054675,Happy
2025-03-30 14:40:00.164346,112.1925,1.1766374999999998,0.8311624999999999,Happy
2025-03-30 14:41:01.203615,93.44624999999999,1.0968,1.169875,Happy
2025-03-30 14:42:02.236448,128.12125,1.1902625,0.750675,Happy
2025-03-30 14:43:03.267143,56.705000000000005,1.1190125,1.4362,Happy
2025-03-30 14:44:04.296668,92.62875000000001,0.9883,1.1168875,Happy
2025-03-30 14:45:05.335775,80.01500000000001,1.1799625,1.1939624999999998,Happy
2025-03-30 14:46:06.372306,91.78375000000001,0.832425,1.1510500000000001,Happy
2025-03-30 14:47:07.411669,84.04375,1.05415,0.9638375,Happy
2025-03-30 14:48:08.442419,90.43375,1.0320125,0.88195,Happy
2025-03-30 14:49:09.480596,99.84,0.9787625,0.9708,Happy
2025-03-30 14:50:10.509550,85.3075,1.1343999999999999,0.9914375,Happy
2025-03-30 14:51:11.543036,98.39375,1.000325,0.960625,Happy
2025-03-30 14:52:12.573480,74.09,1.155125,1.087725,Happy
2025-03-30 14:53:13.612001,98.36625000000001,1.055375,0.83385,Happy
2025-03-30 14:54:14.635698,52.33125,1.031575,1.3311125000000001,Happy
2025-03-30 14:55:15.666791,108.27875000000002,0.9292124999999999,0.8385125,Happy
2025-03-30 14:56:16.706176,108.2625,1.3982625,0.6325375000000001,Happy
2025-03-30 14:57:17.745962,49.8,0.9233500000000001,1.4429500000000002,Happy
2025-03-30 14:58:18.774224,76.44250000000001,0.6773874999999999,1.4630874999999999,Happy
2025-03-30 14:59:19.799130,90.93625,0.7513124999999999,1.1094625,Happy
2025-03-30 15:00:20.836605,79.94,0.7097249999999999,1.180375,Happy
2025-03-30 15:01:21.872265,93.12875000000001,1.0308375,0.9386375000000001,Happy
2025-03-30 15:02:22.908961,99.52000000000001,0.8981875,1.1580000000000001,Happy
2025-03-30 15:03:23.941449,100.37375,1.18315,0.9979000000000001,Happy
2025-03-30 15:04:24.978446,94.19874999999999,0.9534374999999999,1.1974624999999999,Happy
2025-03-30 15:05:26.019404,96.17375,1.1126500000000001,1.1142,Happy
2025-03-30 15:06:27.050538,107.87375000000002,0.6661500000000001,1.1874,Happy
2025-03-30 15:07:28.087890,86.39124999999999,1.065725,1.176725,Happy
2025-03-30 15:08:29.121678,100.91000000000001,1.012725,1.107025,Happy
2025-03-30 15:09:30.154378,80.88374999999999,1.5371124999999999,0.9798999999999998,Happy
2025-03-30 15:10:31.179559,85.54625000000001,1.1901125000000001,1.2586625,Happy
2025-03-30 15:11:32.214446,95.5325,1.1738374999999999,1.1487625000000001,Happy
2025-03-30 15:12:33.250365,112.90749999999998,1.198225,1.0349,Happy
2025-03-30 15:13:34.286589,109.5175,0.9299625,1.0998750000000002,Happy
2025-03-30 15:14:35.321755,92.3375,1.2288375,1.1196375,Happy
2025-03-30 15:15:36.357282,98.59124999999999,0.9523875,1.1638375,Happy
2025-03-30 15:16:37.393400,114.6,1.0374875,0.9047499999999999,Happy
2025-03-30 15:17:38.424004,86.11375,1.1493625,1.0402749999999998,Happy
2025-03-30 15:18:39.457529,88.00625,1.1339125,1.02915,Happy
2025-03-30 15:19:40.497606,94.27250000000001,0.8988500000000001,1.1797250000000001,Happy
2025-03-30 15:20:41.528725,82.69874999999999,1.5329374999999998,1.0120749999999998,Happy
2025-03-30 15:21:42.566755,82.99375,0.9624874999999999,1.3298375,Happy
2025-03-30 15:22:43.604014,96.005,1.0676249999999998,1.0803,Happy
2025-03-30 15:23:44.637939,81.755,1.4061000000000001,1.011775,Happy
2025-03-30 15:24:45.670897,71.725,1.13785,1.2655249999999998,Happy
2025-03-30 15:25:46.708490,107.15374999999999,1.0334625000000002,1.107625,Happy
2025-03-30 15:26:47.742621,153.675,1.2823625,0.5649749999999999,Happy
2025-03-30 15:27:48.781329,115.4375,1.543325,0.906625,Happy
2025-03-30 15:28:49.808636,69.25,1.0304875,1.4988875,Happy
2025-03-30 15:29:50.843715,101.7875,0.9060500000000001,1.215525,Happy
2025-03-30 15:30:51.882317,109.84124999999999,1.0560000000000003,1.08455,Happy
2025-03-30 15:31:52.919895,123.04,1.6212375,0.7550375,Happy
2025-03-30 15:32:53.952049,88.98875,1.2370625,1.0856875000000001,Happy
2025-03-30 15:33:54.991807,110.99750000000002,1.1101875,0.9551000000000001,Happy
2025-03-30 15:34:56.027770,105.85374999999999,0.9399375000000001,1.0615,Happy
2025-03-30 15:35:57.065787,88.05625,1.5854625,0.9518375000000002,Happy
2025-03-30 15:36:58.102987,128.44874999999996,1.4068875000000003,0.638225,Happy
2025-03-30 15:37:59.142696,139.69,1.1864000000000001,0.55365,Happy
2025-03-30 15:39:00.170062,72.39750000000001,1.00165,1.3838125000000001,Happy
2025-03-30 15:40:01.207564,83.51125,1.55275,0.9579749999999999,Happy
2025-03-30 15:41:02.245624,45.74875,1.1308375,1.529225,Happy
2025-03-30 15:42:03.285038,127.95,0.8392625,0.8407000000000002,Happy
2025-03-30 15:43:04.314932,119.47999999999999,0.811875,0.9386875,Happy
2025-03-30 15:44:05.340839,92.60374999999999,0.7604,1.219425,Happy
2025-03-30 15:45:06.378683,114.15125,0.7221125,1.025725,Happy
2025-03-30 15:46:07.410967,95.64500000000001,1.0977999999999999,1.0333875000000001,Happy
2025-03-30 15:47:08.447076,131.605,1.318825,0.572675,Happy
2025-03-30 15:48:09.486254,96.4775,0.8206875,1.1955125000000002,Happy
2025-03-30 15:49:10.520920,68.40625,0.9636625000000001,1.3441999999999998,Happy
2025-03-30 15:50:11.552812,130.96250000000003,1.079175,0.778375,Happy
2025-03-30 15:51:12.589952,77.73625,0.5931375,1.4836375,Happy
2025-03-30 15:52:13.626045,139.98624999999998,0.8943749999999999,0.7103625,Happy
2025-03-30 15:53:14.660930,102.9,1.4617375,0.8090875000000001,Happy
2025-03-30 15:54:15.692271,70.06875,0.9984999999999999,1.4058875,Happy
2025-03-30 15:55:16.729669,96.92625000000001,0.89955,1.1704625,Happy
2025-03-30 15:56:17.769293,65.73875000000001,1.31575,1.2810625,Happy
2025-03-30 15:57:18.800488,97.125,1.0771375,1.1119875000000001,Happy
2025-03-30 15:58:19.838112,97.16,1.3555000000000001,0.914,Happy
2025-03-30 15:59:20.866411,108.90124999999998,1.14635,0.9544625,Happy
2025-03-30 16:00:21.899876,92.5575,1.2359000000000002,1.0297375,Happy
2025-03-30 16:01:22.938892,124.80625,1.0171500000000002,0.802675,Happy
2025-03-30 16:02:23.970005,135.7325,0.7158624999999998,0.8835124999999999,Happy
2025-03-30 16:03:25.008392,91.63625,1.12325,1.1443,Happy
2025-03-30 16:04:26.039995,98.43625,0.9358125000000002,1.0559875,Happy
2025-03-30 16:05:27.070861,95.91375000000001,1.2520625,0.9488625,Happy
2025-03-30 16:07:28.113547,86.08375,0.7167625000000001,1.3731000000000002,Sad
2025-03-30 16:08:29.147962,101.41499999999999,1.0264875,1.1019125,Sad
2025-03-30 16:09:30.179293,84.07624999999999,1.013325,1.2173875,Sad
2025-03-30 16:10:31.208500,86.98499999999999,1.3596625,0.9537125,Sad
2025-03-30 16:11:32.246575,50.255,1.1316000000000002,1.526575,Sad
2025-03-30 16:12:33.284783,102.9775,1.0279749999999999,1.0515875,Sad
2025-03-30 16:13:34.316680,86.15,1.152725,1.1081375,Sad
2025-03-30 16:14:35.352813,92.35125000000001,1.0721875000000003,1.1136000000000001,Sad
2025-03-30 16:15:36.389886,112.51750000000001,1.048575,0.9333625,Sad
2025-03-30 16:16:37.423514,70.60249999999999,1.122175,1.281725,Sad
2025-03-30 16:17:38.461192,117.41374999999998,0.930925,0.9515125000000001,Sad
2025-03-30 16:18:39.492197,113.11500000000001,0.7197250000000001,1.1362124999999998,Sad
2025-03-30 16:19:40.521176,118.33625000000002,0.6494,1.1102625,Sad
2025-03-30 16:20:41.553887,108.22375,0.967,1.0266125000000001,Sad
2025-03-30 16:21:42.594330,79.09125,1.4081,1.1054499999999998,Sad
2025-03-30 16:22:43.632237,79.235,0.66885,1.5004125,Sad
2025-03-30 16:23:44.671551,101.82750000000001,1.0010125,1.0703375000000002,Sad
2025-03-30 16:24:45.709400,110.45375000000001,1.221725,0.8564875000000001,Sad
2025-03-30 16:25:46.749346,91.91499999999999,0.639625,1.37345,Sad
2025-03-30 16:26:47.785164,116.19624999999999,0.9055875,1.0368249999999999,Sad
2025-03-30 16:27:48.822459,96.76374999999999,1.0319500000000001,1.0870625,Sad
2025-03-30 16:28:49.857410,117.99375000000002,1.3660125000000003,0.7102875,Sad
2025-03-30 16:29:50.892004,86.80125000000001,1.49985,0.9468,Sad
2025-03-30 16:30:51.921261,85.8025,0.74705,1.3786625000000001,Sad
2025-03-30 16:31:52.947181,78.94500000000001,1.0723125,1.2376250000000002,Sad
2025-03-30 16:32:53.978070,71.60625,0.8699625,1.4592375,Sad
2025-03-30 16:33:55.006930,121.63,0.5965875,1.131225,Sad
2025-03-30 16:34:56.043177,88.1825,1.1429125,1.1374,Sad
2025-03-30 16:35:57.082754,99.67625000000001,0.9761125000000002,1.1567125000000003,Sad
2025-03-30 16:36:58.119079,91.41749999999999,0.98415,1.1629125,Sad
2025-03-30 16:37:59.160104,96.06,1.316525,1.2268000000000001,Sad
2025-03-30 16:39:00.195961,100.36749999999999,0.9866125,1.197175,Sad
2025-03-30 16:40:01.232924,93.5575,1.1018000000000001,1.0983375,Sad
2025-03-30 16:41:02.266057,101.23375,1.0524125,0.9631375000000002,Sad
2025-03-30 16:42:03.303886,97.25750000000001,0.9879625000000001,1.0790125,Sad
2025-03-30 16:43:04.341638,99.4275,1.0890625,1.0041625,Sad
2025-03-30 16:44:05.366611,102.34375000000001,1.0705624999999999,1.0172999999999999,Sad
2025-03-30 16:45:06.398805,94.305,1.0383499999999999,1.0802375,Sad
2025-03-30 16:46:07.436679,89.76,1.0776999999999999,1.0856125,Sad
2025-03-30 16:47:08.475571,91.35375000000002,1.0030750000000002,1.1200125,Sad
2025-03-30 16:48:09.513604,95.30125000000001,1.133125,0.9753250000000001,Sad
2025-03-30 16:49:10.540871,96.19250000000001,0.8224500000000001,1.1717875000000002,Sad
2025-03-30 16:50:11.577244,91.47625,1.1453625,0.973575,Sad
2025-03-30 16:51:12.607484,77.75375,0.9039875,1.2359125,Sad
2025-03-30 16:52:13.647269,88.95374999999999,1.3266,1.1274375000000003,Sad
2025-03-30 16:53:14.681727,97.35375,0.9051500000000001,1.1130125,Sad
2025-03-30 16:54:15.705969,72.1825,0.8927625000000001,1.3050624999999998,Sad
2025-03-30 16:55:16.745477,85.77375,1.1143125,1.018625,Sad
2025-03-30 16:56:17.785541,88.355,0.9712625000000001,1.0173875000000001,Sad
2025-03-30 16:57:18.823106,85.19875,1.124025,1.0125000000000002,Sad
2025-03-30 16:58:19.858956,67.37625,1.1459875,1.1435375,Sad
2025-03-30 16:59:20.882999,64.61749999999999,1.393325,1.0166625,Sad
2025-03-30 17:00:21.920317,59.35125000000001,0.70845,1.4139125,Sad
2025-03-30 17:01:22.956638,60.94500000000001,0.6118625,1.3679125,Sad
2025-03-30 17:02:23.997759,92.245,0.9302750000000002,0.8536250000000001,Sad
2025-03-30 17:03:25.028700,73.185,1.1081875,1.0083875,Sad
2025-03-30 17:04:26.068231,76.21625,0.9485250000000001,1.0070375000000003,Sad
2025-03-30 17:05:27.104322,69.68500000000002,1.1974749999999998,0.9328374999999998,Sad
2025-03-30 17:06:28.135156,84.11250000000001,0.9667875,0.8010375,Sad
2025-03-30 17:07:29.172206,77.37,0.9597124999999999,1.0504000000000002,Sad
2025-03-30 17:08:30.212037,75.78125,1.13185,0.9748749999999999,Sad
2025-03-30 17:09:31.243079,85.50625,0.5894125000000001,0.9323625000000002,Sad
2025-03-30 17:10:32.282077,83.30625,1.268575,0.712825,Sad
2025-03-30 17:11:33.320354,64.53875000000001,0.9006875000000001,1.0397750000000001,Sad
2025-03-30 17:12:34.357034,70.00625,0.8938875,0.94095,Sad
2025-03-30 17:13:35.387772,59.995000000000005,1.5125875,0.8201124999999999,Sad
2025-03-30 17:14:36.416369,49.335,1.0231999999999999,1.2401874999999998,Sad
2025-03-30 17:15:37.456127,79.98375,1.0940250000000002,0.9240749999999999,Sad
2025-03-30 17:16:38.478589,72.86625,1.151425,0.8931125000000002,Sad
2025-03-30 17:17:39.518778,69.93375,0.9500499999999998,0.8841125,Sad
2025-03-30 17:18:40.559026,62.34125,1.17205,0.9336250000000001,Sad
2025-03-30 17:19:41.594626,68.18625,0.9050625,0.9037124999999999,Sad
2025-03-30 17:20:42.626043,60.46625,1.0436500000000002,0.9826625,Sad
2025-03-30 17:21:43.666465,71.09875000000001,0.9570874999999999,0.8367125,Sad
2025-03-30 17:22:44.708624,56.065,0.934575,1.0356625000000002,Sad
2025-03-30 17:23:45.745548,59.566250000000004,1.069525,0.9659625000000001,Sad
2025-03-30 17:24:46.785809,68.34125,0.9372375,0.8748499999999998,Sad
2025-03-30 17:25:47.827339,56.713750000000005,1.0392875,0.953275,Sad
2025-03-30 17:26:48.852990,57.07625,0.9845625000000002,0.949825,Sad
2025-03-30 17:27:49.891554,67.14874999999999,1.0043875000000002,0.8235374999999999,Sad
2025-03-30 17:28:50.923312,68.84625000000001,1.1670500000000001,0.7435375,Sad
2025-03-30 17:29:51.955748,65.4675,1.1062874999999999,0.8176500000000001,Sad
2025-03-30 17:30:52.984997,66.30375000000001,1.13945,0.7273875000000001,Sad
2025-03-30 17:31:54.021825,59.765,1.0018125000000002,0.87645,Sad
2025-03-30 17:32:55.052806,68.59375,0.96785,0.7430625,Sad
2025-03-30 17:33:56.080727,59.54625,0.9684125,0.9030500000000001,Sad
2025-03-30 17:34:57.108893,55.4,0.9201750000000001,0.9112875,Sad
2025-03-30 17:35:58.142926,58.635000000000005,1.1748,0.80535,Sad
2025-03-30 17:36:59.173693,56.17875,1.0864625,0.8527000000000001,Sad
2025-03-30 17:38:00.209219,58.677499999999995,1.0156625,0.8603125,Sad
2025-03-30 17:39:01.240995,58.42375,0.9881625000000002,0.9079750000000001,Sad
2025-03-30 17:40:02.279865,56.792500000000004,1.0202749999999998,0.8718375,Sad
2025-03-30 17:41:03.319328,48.2375,0.9711624999999999,0.9813500000000002,Sad
2025-03-30 17:42:04.357149,81.48374999999999,1.1446999999999998,0.43801249999999997,Sad
2025-03-30 17:43:05.396228,44.595000000000006,1.172325,0.953875,Sad
2025-03-30 17:44:06.432643,51.302499999999995,1.0432375,0.8902000000000001,Sad
2025-03-30 17:45:07.463490,52.23,1.1228125,0.8209875,Sad
2025-03-30 17:46:08.499659,55.78000000000001,1.006025,0.8480874999999999,Sad
2025-03-30 17:47:09.538429,65.8425,0.900625,0.7357625000000001,Sad
2025-03-30 17:48:10.570532,28.84375,1.09505,1.1823000000000001,Sad
2025-03-30 17:49:11.595207,46.31875,0.6448875,1.16355,Sad
2025-03-30 17:50:12.632660,81.0175,0.8253625,0.49958749999999996,Sad
2025-03-30 17:51:13.670835,53.386250000000004,1.2387,0.7879,Sad
2025-03-30 17:52:14.709582,59.333749999999995,1.0016625000000001,0.7568,Sad
2025-03-30 17:53:15.742256,47.01625,1.1002125,0.8597750000000002,Sad
2025-03-30 17:54:16.775021,57.835,0.539725,0.9349624999999999,Sad
2025-03-30 17:55:17.813730,66.0625,0.592375,0.7602375,Sad
2025-03-30 17:56:18.847172,32.660000000000004,1.0523250000000002,1.080125,Sad
2025-03-30 17:57:19.885267,57.1475,1.3817125000000001,0.6739375,Sad
2025-03-30 17:58:20.910904,47.807500000000005,1.1900375,0.79995,Sad
2025-03-30 17:59:21.943912,33.353750000000005,1.3001999999999998,1.0264375000000001,Sad
2025-03-30 18:00:22.979625,43.07875,0.7024375,1.0700375,Sad
2025-03-30 18:01:24.019099,50.19625,1.0519500000000002,0.8686125,Sad
2025-03-30 18:02:25.057960,58.13125,1.0017875,0.765625,Sad
2025-03-30 18:03:26.087233,47.1125,0.9180875000000001,0.97855,Sad
2025-03-30 18:04:27.121954,61.088750000000005,1.0277375,0.6706375,Sad
2025-03-30 18:05:28.160942,47.861250000000005,0.9966750000000001,0.8815875,Sad
2025-03-30 18:06:29.191903,47.015,0.9433624999999999,0.9126125000000002,Sad
2025-03-30 18:07:30.227198,49.27875000000001,1.1851,0.8201750000000001,Sad
2025-03-30 18:08:31.255890,50.15625,0.90615,0.8868750000000001,Sad
2025-03-30 18:09:32.285350,48.3525,1.175375,0.74495,Sad
2025-03-30 18:10:33.299815,53.96875,0.9761749999999999,0.7361375,Sad
2025-03-30 18:11:34.333704,48.9425,1.0166125000000001,0.9009625,Sad
2025-03-30 18:12:35.371227,54.67125,0.979275,0.7832999999999999,Sad
2025-03-30 18:13:36.401410,54.01375,0.88375,0.872825,Sad
2025-03-30 18:14:37.433336,54.1675,0.9926999999999999,0.7831750000000001,Sad
2025-03-30 18:15:38.470820,48.052499999999995,0.8900375,0.9212625000000001,Sad
2025-03-30 18:16:39.495717,44.096250000000005,1.0903000000000003,0.921025,Sad
2025-03-30 18:17:40.533990,52.504999999999995,0.9505374999999999,0.834875,Sad
2025-03-30 18:18:41.566885,49.24750000000001,0.913575,0.9085125000000002,Sad
2025-03-30 18:19:42.599756,51.85875,0.9654875,0.8115500000000001,Sad
2025-03-30 18:20:43.627537,53.79625,0.9118625000000001,0.8596625,Sad
2025-03-30 18:21:44.661829,50.848749999999995,1.0584875,0.8065375000000001,Sad
2025-03-30 18:22:45.700239,53.816250000000004,0.941325,0.7876125,Sad
2025-03-30 18:23:46.741761,52.42625,0.953275,0.827075,Sad
2025-03-30 18:24:47.773411,45.94,0.9545250000000001,0.9440875,Sad
2025-03-30 18:25:48.812989,49.748749999999994,0.9951874999999999,0.8534,Sad
2025-03-30 18:26:49.843106,53.96999999999999,1.0356874999999999,0.8208125,Sad
2025-03-30 18:27:50.883561,48.45875,1.0338125,0.8719875,Sad
2025-03-30 18:28:51.914088,49.52375,1.0002,0.7856875000000001,Sad
2025-03-30 18:29:52.953004,49.4225,0.9850625000000001,0.8483,Sad
2025-03-30 18:30:53.988429,48.12375,1.0141499999999999,0.8573625,Sad
2025-03-30 18:31:55.028545,48.11875,1.0605,0.8225374999999999,Sad
2025-03-30 18:32:56.057336,56.11375,0.911575,0.7964625,Sad
2025-03-30 18:33:57.088804,50.026250000000005,1.0191250000000003,0.7824374999999999,Sad
2025-03-30 18:34:58.120337,50.785000000000004,0.972025,0.871975,Sad
2025-03-30 18:35:59.158004,50.495000000000005,0.9346375,0.8340375,Sad
2025-03-30 18:37:00.186591,44.9225,1.0758625,0.8670375,Sad
2025-03-30 18:38:01.218534,49.739999999999995,0.9684625,0.8419375,Sad
2025-03-30 18:39:02.258815,44.87499999999999,1.0519250000000002,0.8867750000000001,Sad
2025-03-30 18:40:03.299355,55.298750000000005,0.9268750000000001,0.7476625,Sad
2025-03-30 18:41:04.335270,48.0575,1.028475,0.8252625,Sad
2025-03-30 18:42:05.374969,47.68375,0.9943249999999999,0.8385874999999998,Sad
2025-03-30 18:43:06.412872,53.71374999999999,0.8390625,0.7933625000000001,Sad
2025-03-30 18:44:07.448190,51.09250000000001,0.98735,0.7881,Sad
2025-03-30 18:45:08.482389,47.1375,1.1008875,0.8291000000000001,Sad
2025-03-30 18:46:09.518645,50.16375000000001,0.951525,0.80535,Sad
2025-03-30 18:47:10.551624,48.48625,0.9327875000000001,0.8682875000000001,Sad
2025-03-30 18:48:11.589990,50.14,0.9158000000000002,0.8205125000000001,Sad
2025-03-30 18:49:12.628438,47.853750000000005,0.993125,0.8631125,Sad
2025-03-30 18:50:13.666975,47.9575,0.988875,0.832675,Sad
2025-03-30 18:51:14.706427,47.33125,1.0133250000000003,0.8445750000000001,Sad
2025-03-30 18:52:15.744793,56.72125,0.9521499999999999,0.7240750000000001,Sad
2025-03-30 18:53:16.773096,50.345,0.9178374999999999,0.8483,Sad
2025-03-30 18:54:17.809772,46.645,1.0401250000000002,0.863425,Sad
2025-03-30 18:55:18.842447,50.67875000000001,0.9323124999999999,0.8934249999999999,Sad
2025-03-30 18:56:19.874378,44.7575,0.993675,0.89035,Sad
2025-03-30 18:58:20.917315,46.8825,1.02575,0.8427749999999999,Neutral
2025-03-30 18:59:21.949531,47.176249999999996,0.9650124999999999,0.9105375,Neutral
2025-03-30 19:00:22.987930,53.209999999999994,0.9764875,0.7924375,Neutral
2025-03-30 19:01:24.027149,48.190000000000005,0.927225,0.9174125,Neutral
2025-03-30 19:02:25.068354,54.49250000000001,0.9633499999999999,0.74785,Neutral
2025-03-30 19:03:26.098016,50.51875,0.9813375000000001,0.8043875000000001,Neutral
2025-03-30 19:04:27.129743,54.753750000000004,0.8815500000000001,0.8021,Neutral
2025-03-30 19:05:28.167468,47.38,0.9311874999999998,0.8883125,Neutral
2025-03-30 19:06:29.205670,51.958749999999995,0.9787500000000001,0.8106375,Neutral
2025-03-30 19:07:30.243858,49.8625,0.9755749999999999,0.8215874999999999,Neutral
2025-03-30 19:08:31.276425,46.41875,0.9364250000000001,0.8965250000000001,Neutral
2025-03-30 19:09:32.307976,48.495000000000005,1.051625,0.8057000000000001,Neutral
2025-03-30 19:10:33.339614,49.84625,1.0022999999999997,0.78545,Neutral
2025-03-30 19:11:34.380434,49.37375,1.0052625,0.8134125000000001,Neutral
2025-03-30 19:12:35.417727,47.165000000000006,0.9381875000000001,0.8822375000000001,Neutral
2025-03-30 19:13:36.451560,46.325,1.1256499999999998,0.7882,Neutral
2025-03-30 19:14:37.486738,50.096250000000005,0.9355625,0.8324625000000001,Neutral
2025-03-30 19:15:38.523074,42.82875,1.0628625,0.8956125000000001,Neutral
2025-03-30 19:16:39.552438,56.496249999999996,1.014325,0.699275,Neutral
2025-03-30 19:17:40.584192,50.06625000000001,1.009,0.7809375000000001,Neutral
2025-03-30 19:18:41.610099,49.495,1.0086,0.8311249999999999,Neutral
2025-03-30 19:19:42.641632,53.86875,0.9609875000000001,0.8433375,Neutral
2025-03-30 19:20:43.672365,48.896249999999995,1.008,0.852125,Neutral
2025-03-30 19:21:44.697205,51.67375,0.8885500000000001,0.9173500000000001,Neutral
2025-03-30 19:22:45.738657,51.48875,1.0106000000000002,0.7893374999999999,Neutral
2025-03-30 19:23:46.769441,46.0825,0.9777125000000002,0.854275,Neutral
2025-03-30 19:24:47.802198,47.42375,0.9213999999999999,0.921725,Neutral
2025-03-30 19:25:48.841662,52.11875,0.971125,0.8192,Neutral
2025-03-30 19:26:49.882400,47.185,1.0255625,0.8653875,Neutral
2025-03-30 19:27:50.920050,55.46625,0.9529375000000002,0.7618750000000001,Neutral
2025-03-30 19:28:51.953545,51.561249999999994,0.9377875000000001,0.857175,Neutral
2025-03-30 19:29:52.993009,52.433749999999996,0.9210375,0.8138124999999998,Neutral
2025-03-30 19:30:54.024586,49.90875,0.990725,0.87845,Neutral
2025-03-30 19:31:55.065100,53.228750000000005,0.9868374999999998,0.8200000000000001,Neutral
2025-03-30 19:32:56.099415,49.75875,0.9778625,0.8415750000000001,Neutral
2025-03-30 19:33:57.138482,50.46000000000001,0.9655000000000001,0.8615749999999999,Neutral
2025-03-30 19:34:58.177131,48.04875,1.0206374999999999,0.8876875,Neutral
2025-03-30 19:35:59.213601,54.45125,0.94985,0.8024125,Neutral
2025-03-30 19:37:00.248254,55.265,0.8664,0.8148125,Neutral
2025-03-30 19:38:01.284463,48.05,0.9813624999999998,0.8575999999999999,Neutral
2025-03-30 19:39:02.323588,47.521249999999995,0.9723375000000001,0.8521625,Neutral
2025-03-30 19:40:03.362160,46.97,1.03315,0.8709000000000001,Neutral
2025-03-30 19:41:04.396507,47.7975,0.9999874999999999,0.869825,Neutral
2025-03-30 19:42:05.435499,48.84750000000001,1.0350374999999998,0.8560500000000001,Neutral
2025-03-30 19:43:06.469017,52.59625000000001,0.9056875,0.8543375,Neutral
2025-03-30 19:44:07.496192,52.68000000000001,0.9048,0.860275,Neutral
2025-03-30 19:45:08.536607,50.097500000000004,1.0151,0.842225,Neutral
2025-03-30 19:46:09.573976,47.026250000000005,0.9520375,0.8852625,Neutral
2025-03-30 19:47:10.606080,52.2625,1.0038375000000002,0.8448499999999999,Neutral
2025-03-30 19:48:11.635137,53.066250000000004,0.9475875,0.8644000000000001,Neutral
2025-03-30 19:49:12.669727,49.8,0.9205250000000001,0.8561249999999999,Neutral
2025-03-30 19:50:13.709093,50.495000000000005,1.0203375000000001,0.7998875000000001,Neutral
2025-03-30 19:51:14.738869,48.45125,0.953375,0.8787874999999999,Neutral
2025-03-30 19:52:15.774226,46.933749999999996,0.9953625,0.9062249999999998,Neutral
2025-03-30 19:53:16.809893,50.82375,1.034475,0.8119250000000001,Neutral
2025-03-30 19:54:17.840384,52.7525,1.0255874999999999,0.7639625000000001,Neutral
2025-03-30 19:55:18.869246,51.317499999999995,0.8571625,0.8821875,Neutral
2025-03-30 19:56:19.904326,49.80625,1.0343125,0.8373250000000001,Neutral
2025-03-30 19:57:20.941780,52.92625,0.9315625000000001,0.8307499999999999,Neutral
2025-03-30 19:58:21.972466,46.95375000000001,1.0309374999999998,0.9133500000000001,Neutral
2025-03-30 19:59:23.003136,51.65500000000001,0.8757124999999999,0.8896750000000001,Neutral
2025-03-30 20:00:24.041774,48.9925,0.9865499999999999,0.8388000000000002,Neutral
2025-03-30 20:01:25.073437,47.455,1.0441999999999998,0.8890625,Neutral
2025-03-30 20:02:26.114201,51.43499999999999,0.9613375,0.811225,Neutral
2025-03-30 20:03:27.150700,45.44375,0.9759249999999998,0.92315,Neutral
2025-03-30 20:04:28.185679,57.751250000000006,1.0450750000000002,0.6625500000000001,Neutral
2025-03-30 20:05:29.225653,47.965,1.1818000000000002,0.8183250000000001,Neutral
2025-03-30 20:06:30.263917,50.977500000000006,0.9274875,0.8372125,Neutral
2025-03-30 20:07:31.306720,51.525,1.0230875,0.7986000000000001,Neutral
2025-03-30 20:08:32.344021,52.198750000000004,0.9379375,0.8417875,Neutral
2025-03-30 20:09:33.382886,46.22875,1.03,0.8786125,Neutral
2025-03-30 20:10:34.422503,47.26625,0.8840250000000001,0.8968875000000001,Neutral
2025-03-30 20:11:35.461894,41.42625,1.2853125,0.8879125,Neutral
2025-03-30 20:12:36.500062,48.347500000000004,0.55825,0.99875,Neutral
2025-03-30 20:13:37.533105,53.02500000000001,1.191525,0.705375,Neutral
2025-03-30 20:14:38.566432,48.176249999999996,1.2143125000000001,0.7770000000000001,Neutral
2025-03-30 20:15:39.605539,56.688750000000006,0.5895125,0.8624124999999999,Neutral
2025-03-30 20:16:40.645169,43.23125,0.9409375000000001,0.9554375,Neutral
2025-03-30 20:17:41.676929,71.91875,1.0083125,0.503475,Neutral
2025-03-30 20:18:42.713892,57.338750000000005,0.9652125000000001,0.7163375000000001,Neutral
2025-03-30 20:19:43.744488,55.364999999999995,1.3666125,0.57365,Neutral
2025-03-30 20:20:44.778879,48.7175,1.2100624999999998,0.7576875000000001,Neutral
2025-03-30 20:21:45.809758,50.745,1.1808999999999998,0.7413000000000001,Neutral
2025-03-30 20:22:46.850666,56.1125,0.9541625,0.7418875,Neutral
2025-03-30 20:23:47.889684,48.79375,1.0107750000000002,0.8489000000000001,Neutral
2025-03-30 20:24:48.927346,50.01875000000001,1.0351125,0.8178750000000001,Neutral
2025-03-30 20:25:49.966093,25.223750000000003,1.0778875,1.2073250000000002,Neutral
2025-03-30 20:26:51.005385,53.81,1.0739375,0.7545875,Neutral
2025-03-30 20:27:52.043691,51.685,1.0256874999999999,0.8120625,Neutral
2025-03-30 20:28:53.077427,45.00375,0.7933749999999999,1.0525125000000002,Neutral
2025-03-30 20:29:54.108216,48.568749999999994,0.9332125,0.8948625,Neutral
2025-03-30 20:30:55.149538,48.488749999999996,0.827375,0.9177874999999999,Neutral
2025-03-30 20:31:56.181091,70.81625,0.9192125000000001,0.5606875,Neutral
2025-03-30 20:32:57.219681,44.97,0.7951125000000001,0.9805000000000001,Neutral
2025-03-30 20:33:58.253184,47.58,1.177575,0.8541375,Neutral
2025-03-30 20:34:59.292554,38.2725,0.6325500000000001,1.1256499999999998,Neutral
2025-03-30 20:36:00.324841,58.761250000000004,0.7266000000000001,0.8534624999999998,Neutral
2025-03-30 20:37:01.355300,44.209999999999994,0.9144000000000002,0.9721624999999999,Neutral
2025-03-30 20:38:02.385659,45.7,1.3586624999999999,0.7327250000000001,Neutral
2025-03-30 20:39:03.421015,63.753750000000004,1.3292875,0.5037625000000001,Neutral
2025-03-30 20:40:04.458266,30.568750000000005,1.2143875000000002,1.0608125,Neutral
2025-03-30 20:41:05.488801,51.223749999999995,0.85735,0.8922125,Neutral
2025-03-30 20:42:06.521318,48.817499999999995,0.6424625,1.012875,Neutral
2025-03-30 20:43:07.553463,68.8225,0.6227375,0.69045,Neutral
2025-03-30 20:44:08.586296,34.24125000000001,0.7494625,1.1462750000000002,Neutral
2025-03-30 20:45:09.626803,55.19250000000001,0.9451125000000001,0.749225,Neutral
2025-03-30 20:46:10.665516,50.01875,0.9984375000000002,0.8354624999999999,Neutral
2025-03-30 20:47:11.705533,58.71625,0.8474625,0.7278999999999999,Neutral
2025-03-30 20:48:12.745787,44.22625,1.3412125000000001,0.83955,Neutral
2025-03-30 20:49:13.775851,56.529999999999994,0.6493125000000001,0.8625874999999998,Neutral
2025-03-30 20:50:14.811057,45.63249999999999,1.1582999999999999,0.8463375000000001,Neutral
2025-03-30 20:51:15.841831,71.90375,0.7171625,0.6073500000000001,Neutral
2025-03-30 20:52:16.878996,48.849999999999994,0.5095000000000001,1.0010625000000002,Neutral
2025-03-30 20:53:17.908692,51.38875,0.8065875,0.906525,Neutral
2025-03-30 20:54:18.939892,55.683749999999996,0.9182625,0.818975,Neutral
2025-03-30 20:55:19.977503,27.310000000000002,1.0300249999999997,1.1825750000000002,Neutral
2025-03-30 20:56:21.014573,46.488749999999996,0.9834625000000001,0.88885,Neutral
2025-03-30 20:57:22.052566,51.378750000000004,0.9494625000000001,0.8351625,Neutral
2025-03-30 20:58:23.089477,37.61625,1.3311875,0.9375875,Neutral
2025-03-30 20:59:24.108604,36.622499999999995,1.1752125,0.9187375,Neutral
2025-03-30 21:00:25.143560,49.47,0.96425,0.837275,Neutral
2025-03-30 21:01:26.175642,43.052499999999995,1.1045125,0.849075,Neutral
2025-03-30 21:02:27.212511,52.879999999999995,1.1590125,0.741325,Neutral
2025-03-30 21:03:28.251898,54.52374999999999,1.0267875,0.7256500000000001,Neutral
2025-03-30 21:04:29.288677,35.0525,0.8258125000000002,1.1239750000000002,Neutral
2025-03-30 21:05:30.321212,55.855000000000004,0.9192750000000001,0.7929250000000001,Neutral
2025-03-30 21:06:31.359301,45.911249999999995,1.1291625,0.8105625,Neutral
2025-03-30 21:07:32.394095,46.33375,0.9626999999999999,0.9215625,Neutral
2025-03-30 21:08:33.426035,45.165000000000006,0.9801375,0.8637375,Neutral
2025-03-30 21:09:34.465015,47.08875,1.0892625000000002,0.8370625,Neutral
2025-03-30 21:10:35.501971,59.878750000000004,1.03075,0.654575,Neutral
2025-03-30 21:11:36.533999,38.073750000000004,1.3477249999999998,0.8515625,Neutral
2025-03-30 21:12:37.564536,52.821250000000006,0.8219875,0.8502000000000001,Neutral
2025-03-30 21:13:38.597115,51.2375,0.9380625000000002,0.8350875,Neutral
2025-03-30 21:14:39.625531,50.936249999999994,0.9586375,0.84855,Neutral
2025-03-30 21:15:40.664484,46.706250000000004,1.0333875000000001,0.8439,Neutral
2025-03-30 21:16:41.695996,50.964999999999996,1.06235,0.7279500000000001,Neutral
2025-03-30 21:17:42.727230,43.14625,1.083825,0.8741875,Neutral
2025-03-30 21:18:43.761337,50.175,0.8460624999999998,0.8450875,Neutral
2025-03-30 21:19:44.790151,51.8,1.0523000000000002,0.7650750000000001,Neutral
2025-03-30 21:20:45.821593,45.945,0.9995625,0.8520875,Neutral
2025-03-30 21:21:46.859412,50.45,0.981075,0.7974125000000001,Neutral
2025-03-30 21:22:47.894242,45.907500000000006,1.002625,0.8670375,Neutral
2025-03-30 21:23:48.930266,52.15625,1.0230625000000002,0.7609875000000001,Neutral
2025-03-30 21:24:49.969962,47.255,0.9454875000000001,0.8843875000000001,Neutral
2025-03-30 21:25:50.996372,52.8875,1.0138375,0.8559750000000002,Neutral
2025-03-30 21:26:52.021551,47.82,0.9962875000000002,0.8181625,Neutral
2025-03-30 21:27:53.057122,49.864999999999995,0.9800375000000001,0.83945,Neutral
2025-03-30 21:28:54.092264,46.97,1.01775,0.845525,Neutral
2025-03-30 21:29:55.127599,50.9275,0.98335,0.8453375,Neutral
2025-03-30 21:30:56.156372,52.98625,0.9562125,0.8031,Neutral
2025-03-30 21:31:57.191165,47.657500000000006,0.9582749999999999,0.8818000000000001,Neutral
2025-03-30 21:32:58.220526,53.123749999999994,1.0224375,0.7455875,Neutral
2025-03-30 21:33:59.264831,50.38999999999999,0.9592625,0.8212250000000001,Neutral
2025-03-30 21:35:00.291905,43.22625000000001,1.1697875000000002,0.776775,Neutral
2025-03-30 21:36:01.329313,45.408750000000005,0.9895750000000001,0.8809000000000001,Neutral
2025-03-30 21:37:02.364228,49.58,1.0226375,0.8193250000000001,Neutral
2025-03-30 21:38:03.396179,47.83125,0.9491125,0.8515500000000001,Neutral
2025-03-30 21:39:04.434599,45.83875,1.0210624999999998,0.878575,Neutral
2025-03-30 21:40:05.465374,54.646249999999995,0.9846625000000001,0.7977,Neutral
2025-03-30 21:41:06.503695,52.260000000000005,0.9528125,0.798725,Neutral
2025-03-30 21:42:07.538102,48.427499999999995,1.0150124999999999,0.8436875,Neutral
2025-03-30 21:43:08.569362,47.550000000000004,0.95895,0.8886375,Neutral
2025-03-30 21:44:09.607969,51.74499999999999,0.9745000000000001,0.80115,Neutral
2025-03-30 21:45:10.647500,48.835,0.9410000000000001,0.8379999999999999,Neutral
2025-03-30 21:46:11.680824,43.47625,1.0611125000000001,0.846575,Neutral
2025-03-30 21:47:12.719139,50.302499999999995,0.9681750000000001,0.7894125,Neutral
2025-03-30 21:49:13.752109,52.08624999999999,1.007025,0.8261125,Angry
2025-03-30 21:50:14.787764,47.05875,1.007975,0.8404875,Angry
2025-03-30 21:51:15.826724,47.77875,0.9393375,0.8076125000000001,Angry
2025-03-30 21:52:16.860106,49.045,1.027925,0.8094125,Angry
2025-03-30 21:53:17.890628,48.09625,1.014,0.8134125000000001,Angry
2025-03-30 21:54:18.916994,46.366249999999994,1.0359625,0.846025,Angry
2025-03-30 21:55:19.955427,47.09250000000001,0.9956500000000001,0.8430875,Angry
2025-03-30 21:56:20.992137,51.95125,0.9141874999999999,0.8149375000000001,Angry
2025-03-30 21:57:22.027861,47.15375,1.00945,0.82585,Angry
2025-03-30 21:58:23.058590,48.395,0.9864374999999999,0.8725250000000001,Angry
2025-03-30 21:59:24.085362,46.035000000000004,1.0812625,0.7522875,Angry
2025-03-30 22:00:25.121335,49.58625,0.9679,0.8224750000000001,Angry
2025-03-30 22:01:26.155213,50.7725,1.0020875,0.7841500000000001,Angry
2025-03-30 22:02:27.184638,50.85625,0.8969750000000001,0.8797375000000001,Angry
2025-03-30 22:03:28.216662,43.6025,0.9968375000000002,0.9132,Angry
2025-03-30 22:04:29.251562,51.394999999999996,0.9602875000000001,0.8134625,Angry
2025-03-30 22:05:30.281818,45.99250000000001,1.123675,0.7744125000000001,Angry
2025-03-30 22:06:31.315692,51.0925,0.8083749999999998,0.867675,Angry
2025-03-30 22:07:32.353193,50.1725,0.9685875000000002,0.7925500000000001,Angry
2025-03-30 22:08:33.383929,52.05375,1.071975,0.7113250000000001,Angry
2025-03-30 22:09:34.420830,43.70375,1.0414249999999998,0.8570125,Angry
2025-03-30 22:10:35.459868,45.31999999999999,0.9394124999999999,0.8896625,Angry
2025-03-30 22:11:36.490684,47.48125,0.9634,0.8752000000000001,Angry
2025-03-30 22:12:37.525103,46.386250000000004,0.9519,0.8757375,Angry
2025-03-30 22:13:38.557400,48.612500000000004,0.9777875,0.86255,Angry
2025-03-30 22:14:39.593742,48.363749999999996,0.9810749999999999,0.81035,Angry
2025-03-30 22:15:40.632462,46.49499999999999,1.0659,0.832625,Angry
2025-03-30 22:16:41.669881,48.25500000000001,0.9682625000000001,0.8317625000000002,Angry
2025-03-30 22:17:42.711641,45.92,1.02405,0.8562125,Angry
2025-03-30 22:18:43.748643,55.307500000000005,0.890625,0.7590375,Angry
2025-03-30 22:19:44.788156,46.4875,0.9992750000000001,0.8518375,Angry
2025-03-30 22:20:45.824880,49.1375,0.954925,0.8202375,Angry
2025-03-30 22:21:46.857534,48.12125,1.05755,0.8036375,Angry
2025-03-30 22:22:47.889069,49.49125,1.0112625000000002,0.7858875000000001,Angry
2025-03-30 22:23:48.926473,47.91374999999999,0.9307124999999999,0.8500375,Angry
2025-03-30 22:24:49.961794,47.46,0.9963750000000001,0.8578624999999999,Angry
2025-03-30 22:25:50.998945,48.27375000000001,0.93875,0.8443624999999999,Angry
2025-03-30 22:26:52.038573,49.28,1.0529249999999999,0.7826875000000001,Angry
2025-03-30 22:27:53.077892,50.86,0.909175,0.7730250000000001,Angry
2025-03-30 22:28:54.119405,47.9125,0.9799749999999999,0.842975,Angry
2025-03-30 22:29:55.155739,44.667500000000004,1.0256375,0.8733375000000001,Angry
2025-03-30 22:30:56.195308,52.21125000000001,1.0467375,0.723575,Angry
2025-03-30 22:31:57.228289,50.70625,0.9613000000000002,0.754075,Angry
2025-03-30 22:32:58.266578,48.495000000000005,0.919425,0.8395250000000001,Angry
2025-03-30 22:33:59.299544,46.95,0.9785625,0.8418750000000002,Angry
2025-03-30 22:35:00.339444,44.51625,1.016775,0.8573875,Angry
2025-03-30 22:36:01.377381,45.19875,0.9547874999999999,0.87055,Angry
2025-03-30 22:37:02.408627,44.54375,1.1606875,0.7541625,Angry
2025-03-30 22:38:03.442697,47.49375,0.9260375,0.8286000000000001,Angry
2025-03-30 22:39:04.478804,47.32625,0.9894250000000001,0.8756750000000002,Angry
2025-03-30 22:40:05.510080,43.378750000000004,1.001625,0.9170000000000001,Angry
2025-03-30 22:41:06.549602,43.9725,1.0125750000000002,0.8411500000000001,Angry
2025-03-30 22:42:07.591109,49.301249999999996,1.0211625000000002,0.7606499999999999,Angry
2025-03-30 22:43:08.620073,51.182500000000005,0.9295374999999998,0.82825,Angry
2025-03-30 22:44:09.638823,60.96,0.9604750000000001,0.9012374999999999,Angry
2025-03-30 22:45:10.672992,65.81625,0.9738375000000001,0.9333625,Angry
2025-03-30 22:46:11.705063,64.94125,1.0261875000000003,0.887675,Angry
2025-03-30 22:47:12.739530,58.66125000000001,0.9627374999999999,0.783825,Angry
2025-03-30 22:48:13.771636,42.97375000000001,1.0806250000000002,0.8347750000000002,Angry
2025-03-30 22:49:14.807150,48.81375,0.9362625000000001,0.862025,Angry
2025-03-30 22:50:15.848569,47.28,1.029575,0.8597250000000001,Angry
2025-03-30 22:51:16.885411,48.40250000000001,0.9994250000000001,0.8062250000000001,Angry
2025-03-30 22:52:17.920284,45.9625,1.000925,0.8645875000000001,Angry
2025-03-30 22:53:18.958232,48.37,0.9700374999999999,0.832625,Angry
2025-03-30 22:54:19.996104,47.852500000000006,1.0316625,0.7988375,Angry
2025-03-30 22:55:21.031288,49.57125,0.9298250000000001,0.8214,Angry
2025-03-30 22:56:22.064886,45.842499999999994,1.022475,0.840625,Angry
2025-03-30 22:57:23.100232,49.32375,0.9839499999999999,0.7976500000000001,Angry
2025-03-30 22:58:24.125542,51.57375,0.9307000000000001,0.8490249999999999,Angry
2025-03-30 22:59:25.158680,46.43625,0.961625,0.8550000000000001,Angry
2025-03-30 23:00:26.193730,46.25125,1.0156625,0.8411,Angry
2025-03-30 23:01:27.233172,49.60875,0.9003625000000002,0.8248749999999999,Angry
2025-03-30 23:02:28.269198,43.33625,1.08065,0.8491125,Angry
2025-03-30 23:03:29.300827,45.49374999999999,0.9603999999999999,0.8512125000000001,Angry
2025-03-30 23:04:30.339650,48.39,1.0707875,0.7741125,Angry
2025-03-30 23:05:31.371626,48.75500000000001,0.9508875,0.7683875,Angry
2025-03-30 23:06:32.408990,45.8325,0.96835,0.8559000000000001,Angry
2025-03-30 23:07:33.439297,48.14625,1.003375,0.7664875,Angry
2025-03-30 23:08:34.478056,48.2275,0.9857375000000002,0.80055,Angry
2025-03-30 23:09:35.500662,39.7325,1.1324,0.8407875,Angry
2025-03-30 23:10:36.528351,48.185,1.0209875000000002,0.772725,Angry
2025-03-30 23:11:37.558191,50.49499999999999,0.9106750000000001,0.8136875,Angry
2025-03-30 23:12:38.596881,42.8825,1.0701375,0.8686750000000002,Angry
2025-03-30 23:13:39.637004,45.56,0.9591000000000001,0.8377125,Angry
2025-03-30 23:14:40.671863,45.08749999999999,0.9475125,0.8752625,Angry
2025-03-30 23:15:41.700583,45.73625,1.1569749999999999,0.7198125,Angry
2025-03-30 23:16:42.737793,48.503750000000004,0.964275,0.8129625,Angry
2025-03-30 23:17:43.774703,40.146249999999995,1.0679500000000002,0.8864625,Angry
2025-03-30 23:18:44.809529,53.53125,0.8405125,0.8094625000000001,Angry
2025-03-30 23:19:45.847219,44.144999999999996,0.96035,0.8656625,Angry
2025-03-30 23:20:46.878275,47.56875000000001,1.05015,0.7505875,Angry
2025-03-30 23:21:47.915525,47.5575,0.9662624999999998,0.833725,Angry
2025-03-30 23:22:48.951543,46.42125,0.9950875,0.8246375,Angry
2025-03-30 23:23:49.984068,48.53,0.9761625,0.79,Angry
2025-03-30 23:24:51.010134,50.05375,1.0336625,0.6966875,Angry
2025-03-30 23:25:52.045823,44.42125,1.019525,0.8482875,Angry
2025-03-30 23:26:53.082751,50.12375,0.9880875,0.779875,Angry
2025-03-30 23:27:54.122454,44.70125,0.9519125,0.8323125000000001,Angry
2025-03-30 23:28:55.157465,49.065,0.9312374999999999,0.837275,Angry
2025-03-30 23:29:56.194636,47.88875,0.9158875,0.8442999999999999,Angry
2025-03-30 23:30:57.234888,46.7225,0.9495000000000001,0.8158750000000001,Angry
2025-03-30 23:31:58.272709,46.84875,0.9373624999999999,0.84825,Angry
2025-03-30 23:32:59.310962,45.91875,0.955875,0.8746750000000001,Angry
2025-03-30 23:34:00.340417,44.720000000000006,1.041475,0.8535999999999999,Angry
2025-03-30 23:35:01.374290,49.77625,0.9643375000000001,0.8120875000000002,Angry
2025-03-30 23:36:02.405965,47.991249999999994,0.918725,0.8523875000000001,Angry
2025-03-30 23:37:03.441478,49.68375,0.996025,0.7812250000000001,Angry
2025-03-30 23:38:04.474235,46.607499999999995,0.9636000000000001,0.8097,Angry
2025-03-30 23:39:05.510560,46.84375000000001,1.017125,0.8302250000000001,Angry
2025-03-30 23:40:06.535538,47.3,0.961025,0.7881875,Angry
2025-03-30 23:41:07.572306,47.6275,0.9915750000000001,0.812725,Angry
2025-03-30 23:42:08.601918,47.3875,0.9558750000000001,0.8443875000000001,Angry
2025-03-30 23:43:09.639502,45.07875,0.9677374999999999,0.8555375,Angry
2025-03-30 23:44:10.668880,46.183749999999996,1.0242875000000002,0.7769,Angry
2025-03-30 23:45:11.707297,47.96625,0.9776124999999999,0.824025,Angry
2025-03-30 23:46:12.739216,49.045,0.9813249999999998,0.874125,Angry
2025-03-30 23:47:13.778715,47.626250000000006,0.9765375000000001,0.825925,Angry
2025-03-30 23:48:14.822184,48.105,0.9667375,0.80565,Angry
2025-03-30 23:49:15.857551,46.695,0.9651249999999999,0.8328875,Angry
2025-03-30 23:50:16.894849,49.14125,0.9765499999999999,0.7720750000000001,Angry
2025-03-30 23:51:17.929614,48.47,0.9157624999999999,0.8234875,Angry
2025-03-30 23:52:18.961764,47.660000000000004,1.0057625000000001,0.835225,Angry
2025-03-30 23:53:20.001013,46.99375,0.9901875,0.8387375,Angry
2025-03-30 23:54:21.029650,52.61749999999999,0.9304125000000001,0.815775,Angry
2025-03-30 23:55:22.067481,46.49375,1.16335,0.7645375,Angry
2025-03-30 23:56:23.101415,51.411249999999995,0.58325,0.885275,Angry
2025-03-30 23:57:24.136688,50.98875,0.9554124999999999,0.7619875,Angry
2025-03-30 23:58:25.171924,51.62375000000001,0.9450624999999999,0.7955500000000001,Angry
2025-03-30 23:59:26.198577,36.2975,1.1174374999999999,0.90585,Angry
2025-03-31 00:00:27.228586,53.46374999999999,0.6061624999999999,0.8613250000000001,Angry
2025-03-31 00:01:28.267459,41.425,1.0238,0.8728875,Angry
2025-03-31 00:02:29.297146,50.13875,0.9697375000000001,0.7348750000000001,Angry
2025-03-31 00:03:30.324714,51.04875,0.5973875000000002,0.9324999999999999,Angry
2025-03-31 00:04:31.360953,50.19749999999999,1.0576375,0.7403375000000001,Angry
2025-03-31 00:05:32.401180,50.972500000000004,0.9341250000000001,0.7511,Angry
2025-03-31 00:06:33.430528,33.317499999999995,1.396025,0.845575,Angry
2025-03-31 00:07:34.468455,62.225,0.5857874999999999,0.69955,Angry
2025-03-31 00:08:35.498470,43.015,1.0268125000000001,0.8314625000000001,Angry
2025-03-31 00:09:36.535095,42.394999999999996,1.0107500000000003,0.87835,Angry
2025-03-31 00:10:37.573483,50.53,1.0720375,0.7237000000000001,Angry
2025-03-31 00:11:38.612997,42.26375,0.9485374999999999,0.8963875,Angry
2025-03-31 00:12:39.642873,45.17,0.8526999999999999,0.9159500000000002,Angry
2025-03-31 00:13:40.679100,48.9225,0.9845499999999999,0.7694875,Angry
2025-03-31 00:14:41.718719,44.5725,0.9781875,0.8635249999999999,Angry
2025-03-31 00:15:42.762737,51.01625,0.956925,0.7476375,Angry
2025-03-31 00:16:43.796770,42.44125,1.0568,0.8615999999999999,Angry
2025-03-31 00:17:44.828105,35.89875,1.211025,0.8976750000000001,Angry
2025-03-31 00:18:45.857407,27.953750000000003,1.3577625000000002,0.9398,Angry
2025-03-31 00:19:46.876200,46.738749999999996,1.0623749999999998,0.7306999999999999,Angry
2025-03-31 00:20:47.908997,49.07625,0.9531875000000001,0.782975,Angry
2025-03-31 00:21:48.931203,46.35,0.9233750000000001,0.8361625,Angry
2025-03-31 00:22:49.965366,43.9225,0.9922875000000001,0.8615375000000001,Angry
2025-03-31 00:23:50.996066,45.8825,1.0519,0.7812,Angry
2025-03-31 00:24:52.029355,49.42625,0.9636124999999998,0.770675,Angry
2025-03-31 00:25:53.056415,53.12375000000001,0.8658875,0.7564,Angry
2025-03-31 00:26:54.090888,44.63375,1.2524625,0.7345125000000001,Angry
2025-03-31 00:27:55.124826,49.25375000000001,0.9856874999999998,0.788575,Angry
2025-03-31 00:28:56.163831,50.68625000000001,0.953225,0.7571874999999999,Angry
2025-03-31 00:29:57.198751,53.88125000000001,0.7689125000000001,0.8247875,Angry
2025-03-31 00:30:58.232105,39.18625,0.8064625,0.9519125,Angry
2025-03-31 00:31:59.268353,47.05625,0.544325,0.9560125000000002,Angry
2025-03-31 00:33:00.309794,48.262499999999996,0.93355,0.8140124999999999,Angry
2025-03-31 00:34:01.341071,34.48125,0.7491,1.0514375,Angry
2025-03-31 00:35:02.371910,64.1425,0.7939125,0.63015,Angry
2025-03-31 00:36:03.410067,44.005,0.5175875,1.0052875,Angry
2025-03-31 00:37:04.432878,40.805,1.0025,0.896725,Angry
2025-03-31 00:38:05.467621,62.678750000000015,1.069525,0.5128375000000001,Angry
2025-03-31 00:40:06.508270,66.31250000000001,0.9570500000000001,0.44533750000000005,Anxious
2025-03-31 00:41:07.546357,34.551249999999996,0.9635999999999999,1.0210500000000002,Anxious
2025-03-31 00:42:08.583332,56.67625,1.0423375,0.6322625000000001,Anxious
2025-03-31 00:43:09.622504,55.11125,0.8945125,0.6958125,Anxious
2025-03-31 00:44:10.662094,29.532500000000006,0.8775000000000001,1.134975,Anxious
2025-03-31 00:45:11.697758,35.650000000000006,1.297325,0.8939,Anxious
2025-03-31 00:46:12.735973,40.370000000000005,0.9716374999999999,0.9113500000000002,Anxious
2025-03-31 00:47:13.774765,31.91625,1.0556375,1.04175,Anxious
2025-03-31 00:48:14.794608,42.209999999999994,1.0746125,0.8583125,Anxious
2025-03-31 00:49:15.832232,24.05375,1.0703625,1.1617250000000001,Anxious
2025-03-31 00:50:16.863630,27.014999999999997,1.1441,1.0675375,Anxious
2025-03-31 00:51:17.899698,25.669999999999998,0.8699625000000001,1.2032500000000002,Anxious
2025-03-31 00:52:18.937235,53.9775,0.4885250000000001,0.8525875,Anxious
2025-03-31 00:53:19.973561,49.51625,0.7122,0.8595375000000001,Anxious
2025-03-31 00:54:21.011507,27.875,0.7195499999999999,1.198625,Anxious
2025-03-31 00:55:22.051532,59.0375,0.6136874999999999,0.7210000000000001,Anxious
2025-03-31 00:56:23.086043,33.92125,1.2375875,0.9214,Anxious
2025-03-31 00:57:24.121876,52.722500000000004,1.051625,0.6789875000000001,Anxious
2025-03-31 00:58:25.158743,38.9725,0.5756500000000001,1.0624750000000003,Anxious
2025-03-31 00:59:26.197018,61.16125000000001,1.2619624999999999,0.4789625,Anxious
2025-03-31 01:00:27.227063,39.1575,1.4486,0.6892875,Anxious
2025-03-31 01:01:28.262582,31.77125,0.6764875,1.1566375,Anxious
2025-03-31 01:02:29.299710,28.517500000000002,0.970025,1.0989875000000002,Anxious
2025-03-31 01:03:30.329714,33.697500000000005,0.702175,1.161075,Anxious
2025-03-31 01:04:31.367147,60.691250000000004,0.754675,0.6295999999999999,Anxious
2025-03-31 01:05:32.404887,44.942499999999995,0.9055624999999999,0.8502375000000001,Anxious
2025-03-31 01:06:33.436259,45.278749999999995,0.9110624999999999,0.9127375000000001,Anxious
2025-03-31 01:07:34.474667,43.87125,0.9738374999999999,0.8642125,Anxious
2025-03-31 01:08:35.512957,47.915000000000006,1.0218625,0.7735875,Anxious
2025-03-31 01:09:36.537817,48.72,0.9765750000000001,0.7303750000000001,Anxious
2025-03-31 01:10:37.576763,47.20375000000001,0.9667625000000001,0.7841250000000001,Anxious
2025-03-31 01:11:38.618599,43.58375,1.012125,0.8446125,Anxious
2025-03-31 01:12:39.650252,52.50999999999999,0.58465,0.8868499999999999,Anxious
2025-03-31 01:13:40.686296,46.933749999999996,0.8506375,0.8514750000000001,Anxious
2025-03-31 01:14:41.722163,44.10125000000001,1.0372625000000002,0.8071249999999999,Anxious
2025-03-31 01:15:42.759178,51.652499999999996,0.94425,0.7389125000000001,Anxious
2025-03-31 01:16:43.799875,41.272499999999994,0.91555,0.922275,Anxious
2025-03-31 01:17:44.829850,54.57625,0.8365125000000001,0.7363250000000001,Anxious
2025-03-31 01:18:45.870462,44.205,0.9698874999999999,0.8281374999999999,Anxious
2025-03-31 01:19:46.901418,54.00250000000001,1.2556375,0.559825,Anxious
2025-03-31 01:20:47.938993,44.41375000000001,0.8949250000000001,0.8475374999999999,Anxious
2025-03-31 01:21:48.975274,53.41875,1.0754249999999999,0.6332375,Anxious
2025-03-31 01:22:50.006649,47.7425,1.05215,0.7146874999999999,Anxious
2025-03-31 01:23:51.043483,38.53875,0.9988374999999999,0.8974624999999999,Anxious
2025-03-31 01:24:52.078752,56.3875,0.8233124999999999,0.7331874999999999,Anxious
2025-03-31 01:25:53.117384,49.36625,0.8670875,0.8047625,Anxious
2025-03-31 01:26:54.155562,44.474999999999994,0.9126749999999999,0.8756375000000001,Anxious
2025-03-31 01:27:55.193252,45.1875,1.0140375000000001,0.8007375,Anxious
2025-03-31 01:28:56.235865,44.01375,1.0605375000000001,0.8313625,Anxious
2025-03-31 01:29:57.276068,45.026250000000005,0.9500249999999999,0.8279125,Anxious
2025-03-31 01:30:58.317111,45.015,1.036225,0.7837250000000001,Anxious
2025-03-31 01:31:59.343880,52.066250000000004,0.9349250000000001,0.6822750000000001,Anxious
2025-03-31 01:33:00.381254,49.735,1.0844874999999998,0.7129875000000001,Anxious
2025-03-31 01:34:01.416572,46.47875,0.9347625,0.7896875,Anxious
2025-03-31 01:35:02.449873,32.72375000000001,1.075275,1.007575,Anxious
2025-03-31 01:36:03.489843,29.76875,0.6801250000000001,1.1501125,Anxious
2025-03-31 01:37:04.518815,29.64875,1.3027375,0.9172500000000001,Anxious
2025-03-31 01:38:05.557846,42.5275,1.0039375,0.8546125,Anxious
2025-03-31 01:39:06.596369,43.616249999999994,0.8356125000000001,0.8939125000000001,Anxious
2025-03-31 01:40:07.627707,50.9475,1.0476375,0.681225,Anxious
2025-03-31 01:41:08.660340,36.167500000000004,1.0507,0.9155000000000001,Anxious
2025-03-31 01:42:09.689488,52.20375,0.8597625000000001,0.7466375000000001,Anxious
2025-03-31 01:43:10.727094,45.915,0.9685374999999998,0.812875,Anxious
2025-03-31 01:44:11.761555,42.915,1.0544125,0.790375,Anxious
2025-03-31 01:45:12.792642,49.775,1.0376125,0.7110124999999999,Anxious
2025-03-31 01:46:13.829775,47.81125,1.0121625,0.7606375,Anxious
2025-03-31 01:47:14.868072,45.0275,0.8511750000000001,0.8406,Anxious
2025-03-31 01:48:15.898666,43.85125,1.3050125,0.6867750000000001,Anxious
2025-03-31 01:49:16.934926,66.48749999999998,0.7266375,0.8646,Anxious
2025-03-31 01:50:17.967933,54.478750000000005,1.4128375,0.8387125,Anxious
2025-03-31 01:51:19.003928,56.815,0.5130875,1.1365874999999999,Anxious
2025-03-31 01:52:20.041017,57.7,1.0448125,0.8981125000000001,Anxious
2025-03-31 01:53:21.072803,71.0625,1.1287125000000002,0.7358625,Anxious
2025-03-31 01:54:22.111487,30.822499999999998,1.3706625,1.0003250000000001,Anxious
2025-03-31 01:55:23.150954,25.122500000000002,1.2645125000000002,1.104075,Anxious
2025-03-31 01:56:24.189507,58.646249999999995,0.5746749999999999,0.8402875000000002,Anxious
2025-03-31 01:57:25.228952,52.79625,1.3636,0.6638250000000001,Anxious
2025-03-31 01:58:26.264927,24.74375,1.1381625000000002,1.1821875000000002,Anxious
2025-03-31 01:59:27.297409,48.36,1.0650375,0.8050250000000002,Anxious
2025-03-31 02:00:28.326969,35.2,0.7326750000000001,1.1567375,Anxious
2025-03-31 02:01:29.362938,64.6225,0.704275,0.61715,Anxious
2025-03-31 02:02:30.395804,30.80375,1.312925,0.9799125,Anxious
2025-03-31 02:03:31.424919,27.338749999999997,1.342325,0.9656749999999998,Anxious
2025-03-31 02:04:32.455839,32.635,1.3747374999999997,0.878525,Anxious
2025-03-31 02:05:33.495297,25.50625,1.2800375000000002,1.0845999999999998,Anxious
2025-03-31 02:06:34.531321,45.2675,1.0337375,0.778825,Anxious
2025-03-31 02:07:35.568304,48.5825,1.0166250000000001,0.776075,Anxious
2025-03-31 02:08:36.607076,43.902499999999996,0.9071000000000001,0.87295,Anxious
2025-03-31 02:09:37.636640,46.045,0.9223625,0.8545875,Anxious
2025-03-31 02:10:38.673518,39.59,1.05545,0.8807,Anxious
2025-03-31 02:11:39.711814,48.52625,1.0608625,0.7234125,Anxious
2025-03-31 02:12:40.740991,46.214999999999996,0.99695,0.777325,Anxious
2025-03-31 02:13:41.774572,42.04625,1.0137875,0.9008499999999999,Anxious
2025-03-31 02:14:42.815820,52.5775,1.0104250000000001,0.7657375,Anxious
2025-03-31 02:15:43.847419,40.09375,1.0941874999999999,0.8834375,Anxious
2025-03-31 02:16:44.878520,44.4725,1.059375,0.7658250000000001,Anxious
2025-03-31 02:17:45.918751,50.97625,0.992125,0.8661875,Anxious
2025-03-31 02:18:46.952571,40.49,0.970675,0.8936125,Anxious
2025-03-31 02:19:47.991936,53.61125,0.8963624999999998,0.71145,Anxious
2025-03-31 02:20:49.028967,41.53375,0.9099625,0.9142125,Anxious
2025-03-31 02:21:50.066206,41.11125,1.054525,0.8701125,Anxious
2025-03-31 02:22:51.095830,48.584999999999994,1.09665,0.6852750000000001,Anxious
2025-03-31 02:23:52.129753,30.54,1.3646999999999998,0.9232125,Anxious
2025-03-31 02:24:53.164805,47.27375,0.860975,0.8369125000000001,Anxious
2025-03-31 02:25:54.201837,44.791250000000005,0.9256749999999998,0.8427125,Anxious
2025-03-31 02:26:55.234373,40.69,0.8824875000000001,0.951475,Anxious
2025-03-31 02:27:56.268081,56.62375000000001,0.5849,0.7751624999999999,Anxious
2025-03-31 02:28:57.306892,45.595000000000006,1.330375,0.7041375000000001,Anxious
2025-03-31 02:29:58.347687,59.85124999999999,0.72545,0.614425,Anxious
2025-03-31 02:30:59.376197,42.39125,1.1336625,0.7779499999999999,Anxious
2025-03-31 02:32:00.412797,48.277499999999996,0.9298499999999998,0.7866375000000001,Anxious
2025-03-31 02:33:01.453870,47.61375,0.7956625,0.8272375000000001,Anxious
2025-03-31 02:34:02.480556,55.77999999999999,0.899775,0.6458999999999999,Anxious
2025-03-31 02:35:03.519171,40.41125,0.9454499999999999,0.893425,Anxious
2025-03-31 02:36:04.553661,38.66375000000001,1.35155,0.7685125,Anxious
2025-03-31 02:37:05.588147,22.72875,1.0141125000000002,1.1730875,Anxious
2025-03-31 02:38:06.618098,42.31250000000001,0.5648875,1.0989,Anxious
2025-03-31 02:39:07.657201,75.91,0.6719875,0.6753750000000001,Anxious
2025-03-31 02:40:08.695264,59.30125,1.4436250000000002,0.783675,Anxious
2025-03-31 02:41:09.724704,87.415,1.0282874999999998,0.5845,Anxious
2025-03-31 02:42:10.761330,80.45500000000001,1.2511750000000001,0.6276375,Anxious
2025-03-31 02:43:11.797765,52.911249999999995,0.7671625,1.1958875,Anxious
2025-03-31 02:44:12.834802,75.38374999999999,0.8195,0.9020500000000002,Anxious
2025-03-31 02:45:13.871767,50.13875,1.371025,0.9285875000000001,Anxious
2025-03-31 02:46:14.898843,43.76375,1.363475,0.9848874999999999,Anxious
2025-03-31 02:47:15.933975,59.135000000000005,0.9125375,1.05,Anxious
2025-03-31 02:48:16.971761,41.325,1.0162,1.1855125000000002,Anxious
2025-03-31 02:49:18.007438,54.86875,1.00715,0.91035,Anxious
2025-03-31 02:50:19.041629,45.1425,1.4629375000000002,0.9539500000000001,Anxious
2025-03-31 02:51:20.074568,35.49,1.044025,1.24575,Anxious
2025-03-31 02:52:21.106269,64.72625000000001,1.03435,0.8839750000000001,Anxious
2025-03-31 02:53:22.144296,54.57625,1.29715,1.0071999999999999,Anxious
2025-03-31 02:54:23.175840,84.87750000000001,0.8050750000000001,0.868375,Anxious
2025-03-31 02:55:24.213314,61.03249999999999,0.8369875,1.12455,Anxious
2025-03-31 02:56:25.250777,67.61875,0.8567499999999999,0.963875,Anxious
2025-03-31 02:57:26.288952,48.29875,1.0884125,1.0385000000000002,Anxious
2025-03-31 02:58:27.319304,62.775,0.9742875000000002,0.9344125,Anxious
2025-03-31 02:59:28.346583,61.11,0.7933375,1.2528125,Anxious
2025-03-31 03:00:29.384642,62.32875,0.85685,0.9234875,Anxious
2025-03-31 03:01:30.420412,55.830000000000005,0.9735124999999998,0.9523499999999998,Anxious
2025-03-31 03:02:31.452945,52.275,0.993975,0.9326875000000001,Anxious
2025-03-31 03:03:32.485511,54.160000000000004,0.9548,0.9284375,Anxious
2025-03-31 03:04:33.518914,52.371249999999996,1.105,0.8637875000000002,Anxious
2025-03-31 03:05:34.558369,57.2025,0.97,0.8941875000000001,Anxious
2025-03-31 03:06:35.588589,56.447500000000005,0.912475,1.070025,Anxious
2025-03-31 03:07:36.626587,59.58624999999999,0.9910875000000001,0.9892875,Anxious
2025-03-31 03:08:37.667707,54.25625,1.0208499999999998,1.0216375,Anxious
2025-03-31 03:09:38.710541,61.10875,1.0059125,0.9352500000000001,Anxious
2025-03-31 03:10:39.750583,57.017500000000005,0.9949625000000001,0.9689125000000001,Anxious
2025-03-31 03:11:40.789671,62.718749999999986,0.9957374999999999,0.9902249999999999,Anxious
2025-03-31 03:12:41.826612,56.326249999999995,0.9491375,1.0871000000000002,Anxious
2025-03-31 03:13:42.864116,59.228750000000005,0.9311,1.0966125,Anxious
2025-03-31 03:14:43.903356,61.35374999999999,0.9722750000000001,1.065675,Anxious
2025-03-31 03:15:44.944591,62.2,1.0753,0.995925,Anxious
2025-03-31 03:16:45.974560,67.19875,0.8700875,1.1229625000000003,Anxious
2025-03-31 03:17:47.010620,60.26500000000001,1.0972125,1.00205,Anxious
2025-03-31 03:18:48.036813,80.9225,1.0196625,1.0260874999999998,Anxious
2025-03-31 03:19:49.063138,73.82750000000001,0.972075,1.0804500000000001,Anxious
2025-03-31 03:20:50.093021,55.98875,0.9223874999999999,1.3872750000000003,Anxious
2025-03-31 03:21:51.127664,85.4725,1.2105000000000001,0.8950375000000002,Anxious
2025-03-31 03:22:52.155258,65.61625000000001,1.1186500000000001,0.9808,Anxious
2025-03-31 03:23:53.190653,61.65,0.9436,1.0913249999999999,Anxious
2025-03-31 03:24:54.222191,71.65625,1.0444125,1.0975875,Anxious
2025-03-31 03:25:55.252771,72.72875,0.9063500000000001,1.0928499999999999,Anxious
2025-03-31 03:26:56.293264,58.066250000000004,1.0989,1.1693875,Anxious
2025-03-31 03:27:57.325762,69.64999999999999,1.05735,1.0225125,Anxious
2025-03-31 03:28:58.366477,78.44874999999999,0.9579374999999999,1.079775,Anxious
2025-03-31 03:30:59.407166,86.2225,0.9065875000000002,1.0507500000000003,Stressed
2025-03-31 03:32:00.444941,74.6575,1.0999625,1.0856375,Stressed
2025-03-31 03:33:01.477427,66.12125,1.1524875,1.1941,Stressed
2025-03-31 03:34:02.507298,87.495,1.1034375,0.8899000000000001,Stressed
2025-03-31 03:35:03.545585,75.1175,0.981025,1.206125,Stressed
2025-03-31 03:36:04.585496,84.38500000000002,1.078925,1.04985,Stressed
2025-03-31 03:37:05.617146,86.32000000000001,1.1549124999999998,0.8628875,Stressed
2025-03-31 03:38:06.648192,77.7825,0.8902875,1.256325,Stressed
2025-03-31 03:39:07.681625,56.875,0.9842374999999999,1.3678625,Stressed
2025-03-31 03:40:08.720518,99.775,0.8432875,1.05545,Stressed
2025-03-31 03:41:09.750116,78.21249999999999,0.9721374999999999,1.1916,Stressed
2025-03-31 03:42:10.792195,70.87750000000001,1.0116749999999999,1.2432750000000001,Stressed
2025-03-31 03:43:11.816993,89.71625,1.0555625,0.7748499999999998,Stressed
2025-03-31 03:44:12.849590,60.74375000000001,1.1127625,1.0360125000000002,Stressed
2025-03-31 03:45:13.888507,91.4,0.9240375000000001,0.7986875,Stressed
2025-03-31 03:46:14.928323,60.65875000000001,0.916075,1.3081749999999999,Stressed
2025-03-31 03:47:15.964363,66.43,1.0603375,1.0882,Stressed
2025-03-31 03:48:17.003632,59.0,1.29845,1.0761125,Stressed
2025-03-31 03:49:18.023313,67.65375,1.2277375000000001,1.0023,Stressed
2025-03-31 03:50:19.062880,72.35749999999999,1.2387375,0.9159375000000001,Stressed
2025-03-31 03:51:20.098178,36.775000000000006,1.211025,1.4035499999999999,Stressed
2025-03-31 03:52:21.136157,75.24249999999999,0.6350999999999999,1.2391875,Stressed
2025-03-31 03:53:22.168317,68.45500000000001,0.6226875,1.3731874999999998,Stressed
2025-03-31 03:54:23.196785,79.15625,0.5274749999999999,1.5409624999999998,Stressed
2025-03-31 03:55:24.230167,76.74625,0.7805500000000001,1.3529,Stressed
2025-03-31 03:56:25.266381,112.8125,1.1435499999999998,0.7174,Stressed
2025-03-31 03:57:26.302091,94.01375,1.4643000000000002,0.7584625,Stressed
2025-03-31 03:58:27.338670,73.36875,0.738075,1.3911375000000001,Stressed
2025-03-31 03:59:28.362217,89.56375,0.8143500000000001,1.2253000000000003,Stressed
2025-03-31 04:00:29.399431,64.50875,1.4806750000000002,1.097725,Stressed
2025-03-31 04:01:30.430022,41.4975,1.2756875,1.2629625,Stressed
2025-03-31 04:02:31.473654,60.932500000000005,0.74085,1.5309625,Stressed
2025-03-31 04:03:32.499011,71.95125,0.82205,1.3797625,Stressed
2025-03-31 04:04:33.530474,115.50375,0.618425,1.018875,Stressed
2025-03-31 04:05:34.565019,107.82624999999999,1.2222000000000002,0.5919749999999999,Stressed
2025-03-31 04:06:35.597880,95.5575,1.1200500000000002,1.0014375,Stressed
2025-03-31 04:07:36.641382,45.85,0.7939375,1.6537375,Stressed
2025-03-31 04:08:37.670455,54.21124999999999,0.7161125000000002,1.6065874999999998,Stressed
2025-03-31 04:09:38.706691,47.34125,1.0437125,1.4925375,Stressed
2025-03-31 04:10:39.734518,59.06,1.4602625,1.0954624999999998,Stressed
2025-03-31 04:11:40.766883,68.55499999999999,0.762325,1.2162875000000002,Stressed
2025-03-31 04:12:41.800576,59.295,1.09735,1.1304375,Stressed
2025-03-31 04:13:42.831257,71.39750000000001,1.0380125,1.0269,Stressed
2025-03-31 04:14:43.862196,46.07875,1.51625,1.0311625,Stressed
2025-03-31 04:15:44.897822,60.057500000000005,1.5299999999999998,0.8694749999999999,Stressed
2025-03-31 04:16:45.931478,69.89000000000001,1.5248125,0.7280625,Stressed
2025-03-31 04:17:46.971591,40.24125000000001,1.1377,1.3865125,Stressed
2025-03-31 04:18:48.000669,45.79375,0.8222250000000001,1.462075,Stressed
2025-03-31 04:19:49.039303,73.40875000000001,1.1671999999999998,0.89855,Stressed
2025-03-31 04:20:50.078460,64.94375,0.9811999999999997,1.0796125,Stressed
2025-03-31 04:21:51.108867,50.80625,1.2701749999999998,1.0907000000000002,Stressed
2025-03-31 04:22:52.144227,76.9475,1.10195,0.9277125000000002,Stressed
2025-03-31 04:23:53.178208,83.55250000000001,0.7546875,0.998725,Stressed
2025-03-31 04:24:54.211729,73.96625,1.097725,0.9053125000000002,Stressed
2025-03-31 04:25:55.244221,57.34000000000001,1.2570625,1.045525,Stressed
2025-03-31 04:26:56.281752,78.7175,0.8326499999999999,1.0806,Stressed
2025-03-31 04:27:57.305750,84.91125000000001,0.7597625,1.0586125,Stressed
2025-03-31 04:28:58.333926,45.572500000000005,1.2736375,1.2378375,Stressed
2025-03-31 04:29:59.364576,69.115,1.5440125,0.745225,Stressed
2025-03-31 04:31:00.397509,52.842499999999994,1.5449499999999998,0.9449375,Stressed
2025-03-31 04:32:01.426792,70.6525,1.2349,0.8994874999999999,Stressed
2025-03-31 04:33:02.461665,60.09125000000002,1.227675,1.042975,Stressed
2025-03-31 04:34:03.491678,37.071250000000006,1.32005,1.3164125,Stressed
2025-03-31 04:35:04.527920,69.57124999999999,1.5429,0.79995,Stressed
2025-03-31 04:36:05.557719,64.09625,0.8872874999999999,1.2286875,Stressed
2025-03-31 04:37:06.593816,36.49750000000001,0.8915124999999999,1.5891249999999997,Stressed
2025-03-31 04:38:07.624816,75.68375,0.954175,1.073825,Stressed
2025-03-31 04:39:08.655699,73.31500000000001,1.3122500000000001,0.8635375,Stressed
2025-03-31 04:40:09.694323,82.54249999999999,1.1513375,0.8256625,Stressed
2025-03-31 04:41:10.738541,67.05625,0.9970625,1.0910125000000002,Stressed
2025-03-31 04:42:11.764101,67.56625,1.2180500000000003,0.962275,Stressed
2025-03-31 04:43:12.796024,90.82875000000001,1.1191625,0.7369875,Stressed
2025-03-31 04:44:13.828850,63.175,1.031025,1.1173875,Stressed
2025-03-31 04:45:14.861780,68.61375000000001,1.04405,1.0266125000000001,Stressed
2025-03-31 04:46:15.898968,69.69875,1.0444749999999998,1.0688125,Stressed
2025-03-31 04:47:16.934541,71.08875,1.0303749999999998,1.1048125,Stressed
2025-03-31 04:48:17.967079,97.2475,0.7279,0.9208625000000001,Stressed
2025-03-31 04:49:18.996618,83.86125000000001,1.2696,0.7503500000000001,Stressed
2025-03-31 04:50:20.029904,76.48625000000001,0.9433624999999999,1.075275,Stressed
2025-03-31 04:51:21.066059,69.82124999999999,0.9844250000000001,1.1347999999999998,Stressed
2025-03-31 04:52:22.099463,77.39625,1.0439874999999998,1.0151625,Stressed
2025-03-31 04:53:23.127805,53.025,0.712575,1.470575,Stressed
2025-03-31 04:54:24.161875,85.42375,1.13445,0.8402125,Stressed
2025-03-31 04:55:25.190355,76.00874999999999,0.9418625,1.1126125000000002,Stressed
2025-03-31 04:56:26.220547,63.35,1.1170750000000003,1.0953,Stressed
2025-03-31 04:57:27.256454,83.94375,0.9692375,0.9683499999999998,Stressed
2025-03-31 04:58:28.282180,74.5375,0.9291625,1.1575125,Stressed
2025-03-31 04:59:29.318722,69.46000000000001,0.927425,1.199475,Stressed
2025-03-31 05:00:30.350394,85.00625000000001,1.105575,0.8692875000000001,Stressed
2025-03-31 05:01:31.384250,37.613749999999996,0.9789875,1.5290625000000002,Stressed
2025-03-31 05:02:32.419531,105.3375,0.7803125,0.8034250000000001,Stressed
2025-03-31 05:03:33.448679,69.66,1.0046624999999998,1.1708250000000002,Stressed
2025-03-31 05:04:34.481354,67.235,1.3354750000000002,0.9516500000000001,Stressed
2025-03-31 05:05:35.514630,71.30249999999998,0.8944124999999999,1.1916625,Stressed
2025-03-31 05:06:36.549275,84.92375,0.9988999999999999,0.9567875000000001,Stressed
2025-03-31 05:07:37.581349,70.26,1.0873625000000002,1.0647625,Stressed
2025-03-31 05:08:38.615476,73.49000000000001,1.1001625000000002,0.961,Stressed
2025-03-31 05:09:39.643607,36.0875,1.1633125,1.4515375,Stressed
2025-03-31 05:10:40.681637,66.275,0.9518375000000001,1.1558374999999999,Stressed
2025-03-31 05:11:41.708493,71.04875000000001,1.0871875,1.0675625,Stressed
2025-03-31 05:12:42.738999,65.68,1.119825,1.0195750000000001,Stressed
2025-03-31 05:13:43.776493,71.13000000000001,1.0328249999999999,1.0246125000000001,Stressed
2025-03-31 05:14:44.811628,59.714999999999996,1.3082625,1.017675,Stressed
2025-03-31 05:15:45.846665,40.9475,1.0130125,1.4037875000000002,Stressed
2025-03-31 05:16:46.880599,71.29875,1.1641,1.253275,Stressed
2025-03-31 05:17:47.908067,41.58,1.0858999999999999,1.5113375000000002,Stressed
2025-03-31 05:18:48.947171,86.72874999999999,0.9683124999999999,1.1144749999999999,Stressed
2025-03-31 05:19:49.977008,83.20625,0.916625,1.2088249999999998,Stressed
2025-03-31 05:20:51.008087,71.93125,1.0811625,1.0870000000000002,Stressed
2025-03-31 05:21:52.038921,89.68375,1.026475,1.0973000000000002,Stressed
2025-03-31 05:22:53.074101,84.69125,1.01895,1.0966125,Stressed
2025-03-31 05:23:54.104267,77.5625,0.999075,1.1195125000000001,Stressed
2025-03-31 05:24:55.137849,82.07,1.0488374999999999,1.0108625,Stressed
2025-03-31 05:25:56.166599,73.9625,1.0803625000000001,1.050225,Stressed
2025-03-31 05:26:57.205916,82.12875,1.0061874999999998,1.06065,Stressed
2025-03-31 05:27:58.235028,48.3575,1.0922249999999998,1.3974375,Stressed
2025-03-31 05:28:59.268808,85.165,1.0317625,0.9787750000000001,Stressed
2025-03-31 05:30:00.298736,80.63000000000001,0.9625750000000002,1.0910875,Stressed
2025-03-31 05:31:01.324611,83.26375,0.9145249999999999,1.0869125,Stressed
2025-03-31 05:32:02.359235,76.61874999999999,1.0108625,1.101075,Stressed
2025-03-31 05:33:03.391877,76.16375000000001,0.9866625000000001,1.029125,Stressed
2025-03-31 05:34:04.420074,76.77,1.0633,0.946525,Stressed
2025-03-31 05:35:05.456713,76.15,1.0159500000000001,1.0173625000000004,Stressed
2025-03-31 05:36:06.494944,77.565,0.9567625,0.9985000000000002,Stressed
2025-03-31 05:37:07.526844,73.2075,0.9825875,1.0458,Stressed
2025-03-31 05:38:08.561227,74.72749999999999,0.9958750000000001,0.9721500000000001,Stressed
2025-03-31 05:39:09.591504,76.52125,1.0923875,0.8722125000000001,Stressed
2025-03-31 05:40:10.630458,73.92125,0.9599875000000001,0.9325125,Stressed
2025-03-31 05:41:11.665089,71.635,0.9239499999999999,0.9808625000000001,Stressed
2025-03-31 05:42:12.699666,70.2475,0.9813624999999998,0.9784625,Stressed
2025-03-31 05:43:13.729564,71.47,1.0328874999999997,0.9292374999999999,Stressed
2025-03-31 05:44:14.767280,60.2125,0.9370999999999998,0.988025,Stressed
2025-03-31 05:45:15.804000,68.89250000000001,0.9959500000000002,0.83485,Stressed
2025-03-31 05:46:16.834240,75.1775,0.632325,0.9026375,Stressed
2025-03-31 05:47:17.869934,58.585,1.3772125000000002,0.796875,Stressed
2025-03-31 05:48:18.901247,86.33,0.8591125,0.643425,Stressed
2025-03-31 05:49:19.928141,51.34625,1.12735,0.97455,Stressed
2025-03-31 05:50:20.963749,63.50750000000001,1.0150625,0.8776249999999999,Stressed
2025-03-31 05:51:21.998645,56.62125000000001,1.000075,0.9560375000000001,Stressed
2025-03-31 05:52:23.024184,81.15875,0.8966625,0.9552999999999999,Stressed
2025-03-31 05:53:24.054918,73.92125,1.0671625,0.9141250000000001,Stressed
2025-03-31 05:54:25.083888,71.595,0.9721125,1.0223625,Stressed
2025-03-31 05:55:26.123207,79.72125000000001,0.9822875000000002,0.9371750000000002,Stressed
2025-03-31 05:56:27.155943,79.29125,0.9606,1.0141625,Stressed
2025-03-31 05:57:28.188987,77.35249999999999,0.8778,1.0726875,Stressed
2025-03-31 05:58:29.223931,53.015,1.0755625,1.2743375000000001,Stressed
2025-03-31 05:59:30.262981,79.8375,1.0323875,0.99455,Stressed
2025-03-31 06:00:31.284065,106.67749999999998,0.6196125,1.0592375,Stressed
2025-03-31 06:01:32.317773,96.31375,1.4292500000000001,0.615375,Stressed
2025-03-31 06:02:33.354389,103.75125,1.1039875,0.657125,Stressed
2025-03-31 06:03:34.390172,87.5775,0.6276125,1.1539125000000001,Stressed
2025-03-31 06:04:35.420326,47.55375,0.9725625000000001,1.3618124999999999,Stressed
2025-03-31 06:05:36.457446,109.81625,0.9880000000000001,0.7123875,Stressed
2025-03-31 06:06:37.495888,91.9825,0.9478874999999999,1.0160375,Stressed
2025-03-31 06:07:38.530767,100.04249999999999,1.3919000000000001,0.7490500000000001,Stressed
2025-03-31 06:08:39.561127,81.11625000000001,0.7642,1.218075,Stressed
2025-03-31 06:09:40.591310,81.77875,1.4340500000000003,0.890775,Stressed
2025-03-31 06:10:41.625026,74.71624999999999,0.97245,1.23805,Stressed
2025-03-31 06:11:42.661451,89.96375,0.9956875000000001,1.0660125,Stressed
2025-03-31 06:12:43.690658,102.60375000000002,1.0046874999999997,0.9382250000000001,Stressed
2025-03-31 06:13:44.719358,73.9175,0.90595,1.3739500000000002,Stressed
2025-03-31 06:14:45.755833,77.38250000000001,0.8793625,1.3679999999999999,Stressed
2025-03-31 06:15:46.792041,95.1375,1.0107125,1.0556625,Stressed
2025-03-31 06:16:47.826905,72.60375,1.062075,1.2475624999999997,Stressed
2025-03-31 06:17:48.864032,81.515,1.1306625000000001,1.1954875,Stressed
2025-03-31 06:18:49.904499,90.60125000000001,1.1056625000000002,1.186725,Stressed
2025-03-31 06:19:50.944136,89.86625000000001,1.1028,1.1808625,Stressed
